#{"t_start": 1781813295.577829, "env_id": "EPuckLidarParkingEnvSAC-v0"}
r,l,t
-149.286663,17,6.63471
-204.438498,30,8.517204
-185.182586,20,9.758483
